id,first_name,last_name,email,gender,country,car_model,car_make,car_model_year,car_color
1,Ly,Marjanski,lmarjanski0@sfgate.com,Male,Portugal,Solstice,Pontiac,2007,Goldenrod
2,Theresa,Boscott,tboscott1@photobucket.com,Female,Croatia,S-Class,Mercedes-Benz,1994,Turquoise
3,Rosita,Jackways,rjackways2@issuu.com,Bigender,Colombia,Pilot,Honda,2004,Purple
4,Bald,McLeish,bmcleish3@twitpic.com,Male,Japan,Skylark,Buick,1994,Violet
5,Germana,Kerrane,gkerrane4@pcworld.com,Female,Albania,Sable,Mercury,1987,Crimson
6,Chaim,Yurkevich,cyurkevich5@soup.io,Male,Greece,Corvette,Chevrolet,1975,Puce
7,Marlin,Cheel,mcheel6@sogou.com,Non-binary,China,Malibu,Chevrolet,2009,Orange
8,Neale,Ferreiro,nferreiro7@4shared.com,Male,France,Grand Caravan,Dodge,1999,Maroon
9,Zitella,O'Luney,zoluney8@jigsy.com,Genderfluid,Tajikistan,Tiguan,Volkswagen,2011,Maroon
10,Chantal,Gaskell,cgaskell9@taobao.com,Female,Philippines,Explorer,Ford,1991,Pink
11,Gwenette,Cubitt,gcubitta@engadget.com,Agender,China,MPV,Mazda,1997,Aquamarine
12,Molly,MacIlurick,mmacilurickb@sogou.com,Bigender,Vietnam,A4,Audi,2010,Teal
13,Leopold,Reedshaw,lreedshawc@histats.com,Male,Brazil,J,Infiniti,1995,Purple
14,Roland,Remer,rremerd@ning.com,Male,China,IS-F,Lexus,2011,Khaki
15,Mick,Eitter,meittere@is.gd,Male,Sweden,S-Series,Saturn,1995,Mauv
16,Nestor,Tunmore,ntunmoref@examiner.com,Genderqueer,Colombia,Sprinter 2500,Mercedes-Benz,2011,Blue
17,Burtie,Perch,bperchg@archive.org,Male,France,E250,Ford,1984,Puce
18,Harmonie,Besantie,hbesantieh@flavors.me,Female,Cambodia,Insight,Honda,2000,Maroon
19,Barbabas,Conachie,bconachiei@list-manage.com,Male,China,Ram,Dodge,2010,Blue
20,Elisa,Trask,etraskj@is.gd,Female,Philippines,Vision,Eagle,1997,Yellow
21,Ole,Mennithorp,omennithorpk@hud.gov,Male,Indonesia,5000S,Audi,1984,Green
22,Pat,Waistell,pwaistelll@smh.com.au,Polygender,Portugal,Cooper Clubman,MINI,2009,Teal
23,Joey,O' Molan,jomolanm@amazon.co.uk,Male,Ivory Coast,G-Series G10,Chevrolet,1993,Goldenrod
24,Bobby,Caddock,bcaddockn@walmart.com,Female,Ukraine,F450,Ford,2008,Khaki
25,Ella,Presnail,epresnailo@icq.com,Female,Paraguay,Mustang,Ford,1989,Fuscia
26,Dot,Scandred,dscandredp@twitter.com,Female,Peru,Crown Victoria,Ford,1992,Goldenrod
27,Crystie,Abbess,cabbessq@reuters.com,Female,France,Tracker,Chevrolet,2003,Turquoise
28,Huntington,Haffner,hhaffnerr@multiply.com,Male,Peru,Countach,Lamborghini,1989,Fuscia
29,Cris,Reddick,creddicks@hp.com,Male,Portugal,Lucerne,Buick,2007,Crimson
30,Danyette,Blacklidge,dblacklidget@soundcloud.com,Female,China,CLK-Class,Mercedes-Benz,2003,Yellow
31,Reta,Marquot,rmarquotu@google.ca,Female,Portugal,Santa Fe,Hyundai,2010,Indigo
32,Rochester,Perceval,rpercevalv@ftc.gov,Male,Czech Republic,Tracker,Geo,1994,Khaki
33,Lusa,Capnor,lcapnorw@desdev.cn,Female,Russia,500SL,Mercedes-Benz,1993,Orange
34,Halsy,Ranken,hrankenx@phpbb.com,Male,Ethiopia,Kizashi,Suzuki,2011,Fuscia
35,Charlton,Whyborne,cwhyborney@accuweather.com,Male,New Zealand,Grand Caravan,Dodge,2003,Red
36,Kristo,Oddey,koddeyz@biglobe.ne.jp,Agender,Indonesia,Festiva,Ford,1990,Orange
37,Kristoforo,Rolse,krolse10@netlog.com,Non-binary,Russia,S-Class,Mercedes-Benz,1984,Fuscia
38,Gunter,Highman,ghighman11@delicious.com,Genderqueer,France,M-Class,Mercedes-Benz,2002,Indigo
39,Marieann,Curme,mcurme12@economist.com,Agender,Philippines,LHS,Chrysler,1995,Puce
40,Palmer,Scollan,pscollan13@addtoany.com,Male,China,Grand Marquis,Mercury,1998,Green
41,Natasha,Roderighi,nroderighi14@usa.gov,Female,Nepal,V8,Audi,1992,Teal
42,Lark,Stare,lstare15@51.la,Female,France,Sidekick,Suzuki,1992,Maroon
43,Jarrett,Vanyukov,jvanyukov16@google.ru,Male,Chad,Savana 3500,GMC,2003,Puce
44,Gordie,Fice,gfice17@rakuten.co.jp,Agender,China,Range Rover,Land Rover,1998,Mauv
45,Melisent,Schultze,mschultze18@imageshack.us,Genderfluid,Poland,Mazda6,Mazda,2013,Blue
46,Noe,Wasselin,nwasselin19@delicious.com,Male,China,RAV4,Toyota,2007,Orange
47,Horst,Geist,hgeist1a@arstechnica.com,Male,Brazil,Yukon XL 2500,GMC,2011,Fuscia
48,Mervin,Iston,miston1b@t-online.de,Male,Portugal,Silverado,Chevrolet,2006,Indigo
49,Marlowe,Aurelius,maurelius1c@wiley.com,Male,China,Express 2500,Chevrolet,2005,Orange
50,Cris,Habble,chabble1d@msn.com,Female,Brazil,911,Porsche,1999,Red
51,Alvira,Lyte,alyte1e@arstechnica.com,Female,Colombia,Caravan,Dodge,1997,Aquamarine
52,Hewe,Cavanaugh,hcavanaugh1f@ft.com,Male,United States,Bronco,Ford,1988,Aquamarine
53,Dietrich,Chree,dchree1g@jimdo.com,Male,Myanmar,7 Series,BMW,2012,Blue
54,Randal,Knotton,rknotton1h@reddit.com,Male,Brazil,Avalon,Toyota,2009,Mauv
55,Nerta,Danzig,ndanzig1i@latimes.com,Female,Colombia,Taurus,Ford,2010,Crimson
56,Gillie,McRavey,gmcravey1j@yolasite.com,Female,Portugal,Continental,Bentley,2005,Khaki
57,Barnaby,Gabel,bgabel1k@biglobe.ne.jp,Male,France,G-Class,Mercedes-Benz,2002,Fuscia
58,Alanah,Clutram,aclutram1l@whitehouse.gov,Female,France,F430 Spider,Ferrari,2006,Turquoise
59,Frederico,Leyton,fleyton1m@ft.com,Male,France,Concorde,Chrysler,1999,Violet
60,Vasili,Whittek,vwhittek1n@theglobeandmail.com,Male,Brazil,Tahoe,Chevrolet,2006,Crimson
61,Raychel,Ashworth,rashworth1o@yahoo.com,Female,Yemen,Continental,Lincoln,2002,Red
62,Wade,Varley,wvarley1p@craigslist.org,Male,Russia,LX,Lexus,2001,Purple
63,Christophorus,McDell,cmcdell1q@blogspot.com,Polygender,Philippines,Volt,Chevrolet,2011,Purple
64,Murray,Besnardeau,mbesnardeau1r@ucsd.edu,Male,Brazil,Nubira,Daewoo,1999,Purple
65,Burl,Lelievre,blelievre1s@prnewswire.com,Male,Portugal,Eclipse,Mitsubishi,1992,Mauv
66,Arabele,Meert,ameert1t@com.com,Female,France,Expedition,Ford,2005,Fuscia
67,Felicle,Geipel,fgeipel1u@sciencedirect.com,Female,China,Grand Caravan,Dodge,2008,Khaki
68,Pietrek,Tubridy,ptubridy1v@wunderground.com,Male,Botswana,Elan,Lotus,1990,Turquoise
69,Rina,Pendrich,rpendrich1w@foxnews.com,Female,Dominican Republic,Century,Buick,1995,Fuscia
70,Amos,Portam,aportam1x@ucla.edu,Male,Portugal,Forester,Subaru,2012,Purple
71,Johny,Hail,jhail1y@skyrock.com,Male,China,Forester,Subaru,2003,Orange
72,Harper,McTrustam,hmctrustam1z@cpanel.net,Male,Brazil,Neon,Plymouth,1997,Red
73,Rinaldo,Petch,rpetch20@yahoo.co.jp,Male,China,Miata MX-5,Mazda,1992,Maroon
74,Raviv,Orsi,rorsi21@prlog.org,Male,China,Matrix,Toyota,2004,Khaki
75,Rubin,Waything,rwaything22@dell.com,Male,Ethiopia,V8,Audi,1992,Orange
76,Denis,Turnpenny,dturnpenny23@independent.co.uk,Male,Mexico,Savana 2500,GMC,2003,Yellow
77,Benjamin,Scrivner,bscrivner24@globo.com,Male,China,MPV,Mazda,2001,Blue
78,Moreen,Luckwell,mluckwell25@narod.ru,Female,Portugal,Z4 M Roadster,BMW,2009,Teal
79,Irving,Haley,ihaley26@webeden.co.uk,Male,France,Outback,Subaru,2005,Turquoise
80,Modestia,Pettus,mpettus27@google.cn,Female,Russia,Regal,Buick,2000,Maroon
81,Hyacinthe,Hammerberger,hhammerberger28@yolasite.com,Female,United States,LeMans,Pontiac,1965,Orange
82,Artus,Ibbs,aibbs29@hp.com,Male,China,2500 Club Coupe,GMC,1998,Teal
83,Arnie,Jendrys,ajendrys2a@eventbrite.com,Male,Slovenia,Sephia,Kia,1997,Pink
84,Anni,Janous,ajanous2b@mapquest.com,Genderfluid,Colombia,Matrix,Toyota,2006,Crimson
85,Edy,Hafner,ehafner2c@scientificamerican.com,Female,Peru,CC,Volkswagen,2009,Red
86,Avigdor,Mathouse,amathouse2d@last.fm,Male,United Kingdom,del Sol,Honda,1996,Goldenrod
87,Bridgette,Ranscombe,branscombe2e@goo.gl,Female,Indonesia,Patriot,Jeep,2009,Turquoise
88,Roddie,Bursnall,rbursnall2f@taobao.com,Male,Indonesia,Santa Fe,Hyundai,2009,Red
89,Kath,Harvatt,kharvatt2g@samsung.com,Female,China,Tiguan,Volkswagen,2009,Maroon
90,Cassie,Woolbrook,cwoolbrook2h@rambler.ru,Bigender,China,Pilot,Honda,2011,Khaki
91,Davide,Gilks,dgilks2i@state.tx.us,Male,Portugal,Mark VII,Lincoln,1984,Green
92,Joellyn,Kilian,jkilian2j@sfgate.com,Female,Yemen,Ranger,Ford,1985,Khaki
93,Loydie,Kelland,lkelland2k@ox.ac.uk,Male,France,NSX,Acura,2004,Red
94,Vin,Andretti,vandretti2l@twitpic.com,Male,Portugal,E-Class,Mercedes-Benz,2003,Red
95,Willette,Loughnan,wloughnan2m@i2i.jp,Female,Russia,E-Class,Mercedes-Benz,2005,Puce
96,Tommy,Vowells,tvowells2n@howstuffworks.com,Female,Colombia,RX-7,Mazda,1983,Purple
97,Nicolas,Candey,ncandey2o@imgur.com,Male,Cyprus,F250,Ford,2007,Purple
98,Clemmie,Hambric,chambric2p@jalbum.net,Genderqueer,China,Dakota,Dodge,2004,Blue
99,Klement,Benedek,kbenedek2q@phoca.cz,Male,Malta,Shadow,Dodge,1994,Turquoise
100,Duky,Shergill,dshergill2r@webnode.com,Male,Afghanistan,Cavalier,Chevrolet,1998,Pink
